Year,Quarter,Segment,Region,Subscribers,Revenue_QR_Mn,ARPU_QR,Data_Usage_GB,Voice_Minutes_Mn,Customer_Satisfaction_Index,Churn_Rate_Pct,Complaints_Resolved_Pct,New_Activations,Deactivations,Avg_Resolution_Time_Hours,eSIM_Activations,Recharge_Transactions_Thousand,Retail_Store_Visits_Thousand,Digital_Sales_Pct,Network_Availability_Pct
2022,Q1,Mobile Prepaid,Doha,97395,156.7299957,107.3199997,267.6099854,58.68000031,88.43000031,2.970000029,96.83000183,28040,8945,5.929999828,5547,643,191,57.31999969,99.959198
2022,Q1,Mobile Prepaid,Al Rayyan,89275,153.5299988,105.4000015,237.7299957,54.13999939,73.77999878,2.619999886,97.81999969,22963,8824,2.950000048,5100,630,99,47.72000122,99.97879791
2022,Q1,Mobile Prepaid,Al Wakrah,91988,141.4900055,95.58000183,253.2899933,65.38999939,76.80999756,2.640000105,97.62000275,24531,9482,3.670000076,4085,477,168,67.66999817,99.9654007
2022,Q1,Mobile Prepaid,Umm Salal,97818,156.9900055,112.0699997,223.3699951,53.29000092,77.41999817,2.400000095,95.38999939,27340,13421,5.070000172,4826,553,245,65.59999847,99.91249847
2022,Q1,Mobile Prepaid,Al Khor,97013,144.5700073,107.0800018,244.3300018,58.20999908,74.29000092,2.599999905,96.23000336,28976,10536,4.960000038,3859,497,247,52.15000153,99.90730286
2022,Q1,Mobile Postpaid,Doha,110577,135.7799988,98.08999634,271.0799866,50.61999893,84.77999878,2.25,96.44000244,25501,10135,3.680000067,4732,522,198,71.69999695,99.97270203
2022,Q1,Mobile Postpaid,Al Rayyan,105331,136.4299927,108.8300018,238.6300049,66.94000244,80.34999847,2.430000067,96.93000031,30533,11955,3.980000019,6121,593,149,50.79000092,99.93669891
2022,Q1,Mobile Postpaid,Al Wakrah,94178,128.4799957,108.5100021,254.2400055,54.88000107,75.55000305,2.880000114,95.63999939,30179,8097,6.010000229,6277,844,159,58.38000107,99.95870209
2022,Q1,Mobile Postpaid,Umm Salal,90376,144.5899963,101.1800003,299.0899963,50.83000183,74.62999725,2.430000067,98.73000336,33637,10818,4.820000172,3445,763,223,61.34000015,99.93029785
2022,Q1,Mobile Postpaid,Al Khor,101898,187.4600067,110.6100006,263.3800049,48.75,81.68000031,2.579999924,98.40000153,27911,8890,6.130000114,4573,527,260,40.88000107,99.93840027
2022,Q1,Fixed Broadband,Doha,99206,164.2100067,107.8799973,268.1700134,61.20999908,79.51000214,2.720000029,98.54000092,36572,8510,5.059999943,5396,666,237,55.75,99.93109894
2022,Q1,Fixed Broadband,Al Rayyan,101163,179.3500061,103.1600037,324.8200073,60.84999847,87.69000244,3.160000086,98.05000305,28451,12045,4.679999828,5494,719,169,76.11000061,99.93800354
2022,Q1,Fixed Broadband,Al Wakrah,102274,166.3600006,104.9400024,262.5700073,62.70000076,85.05000305,2.690000057,98.19000244,38693,9831,6.010000229,5846,501,286,61,99.94860077
2022,Q1,Fixed Broadband,Umm Salal,106633,165.8000031,100.75,251.2599945,61.70999908,74.68000031,3.099999905,99.58999634,20698,7404,4.760000229,5644,547,266,38.13999939,99.97419739
2022,Q1,Fixed Broadband,Al Khor,102619,155.2299957,102.1800003,218.6199951,65.70999908,84.84999847,2.170000076,97.48999786,24002,7873,5.059999943,4201,737,242,49.84999847,99.9434967
2022,Q1,Managed Services,Doha,100013,160.8800049,102.4100037,262.2900085,55.41999817,91.77999878,2.74000001,97.05999756,34691,10126,6.599999905,4641,784,75,73.94999695,99.9571991
2022,Q1,Managed Services,Al Rayyan,106521,135.6600037,102.4599991,249.9100037,66.31999969,82.58999634,2.430000067,98.94000244,29746,12767,4.929999828,5050,614,309,61.68999863,99.95069885
2022,Q1,Managed Services,Al Wakrah,100885,120.5100021,109.1600037,202.6600037,63.59999847,76,1.679999948,97.70999908,27208,9664,5.71999979,2672,737,225,52.06000137,99.95290375
2022,Q1,Managed Services,Umm Salal,80696,164.6600037,103.5699997,229.2200012,51.99000168,75.59999847,2.329999924,97.58999634,21429,9987,3.460000038,2961,718,192,55.04000092,99.96730042
2022,Q1,Managed Services,Al Khor,104577,139.2100067,109.6900024,232.0800018,51.15999985,73.88999939,2.130000114,95.59999847,33510,10423,7.079999924,2579,593,234,67.80000305,99.92630005
2022,Q1,IoT,Doha,87477,166.3600006,92.38999939,243.2200012,57.25999832,69.77999878,2.039999962,95.13999939,25546,10808,4.980000019,4281,489,252,59.93999863,99.94069672
2022,Q1,IoT,Al Rayyan,92280,103.7300034,100.75,272.9200134,45.09000015,83.45999908,2.420000076,94.79000092,23043,12779,5.260000229,4435,520,261,61.38999939,99.97200012
2022,Q1,IoT,Al Wakrah,96100,154.9700012,102.0800018,276.3699951,53.68999863,78.63999939,2.089999914,98.19000244,28535,7729,5.010000229,4731,596,126,59.79999924,99.98690033
2022,Q1,IoT,Umm Salal,106978,155.1100006,109.5599976,216.8699951,70.43000031,79.25,2.910000086,97.48999786,36308,8592,4.480000019,6422,676,138,77.13999939,99.95159912
2022,Q1,IoT,Al Khor,97729,154.3399963,106,256.0400085,67.01999664,68.33000183,2.450000048,96.72000122,28241,10814,3.359999895,4743,563,176,65.95999908,99.92620087
2022,Q1,Devices,Doha,93556,170.2400055,103.0100021,272.6799927,49.06000137,85.37999725,3.160000086,94.51999664,25913,6316,5.099999905,6554,525,191,56.25,99.95500183
2022,Q1,Devices,Al Rayyan,105740,125.7300034,108.3899994,281.7099915,69.98999786,76.66000366,2.890000105,94.66000366,29658,11038,5.579999924,4907,519,168,73.63999939,99.94580078
2022,Q1,Devices,Al Wakrah,100813,141.8999939,103.1100006,218.7799988,62.43999863,77.38999939,3.200000048,95.41999817,32528,14318,2.75999999,5083,657,233,51.81000137,99.95870209
2022,Q1,Devices,Umm Salal,105597,162.4100037,102.8600006,260.2900085,51.02000046,90.90000153,2.460000038,99.98999786,29847,12092,3.480000019,4813,655,247,58.15999985,99.94409943
2022,Q1,Devices,Al Khor,105525,132.1300049,106.0500031,227.0800018,62.81999969,82.23999786,2.690000057,97.51000214,31225,10396,3.74000001,6496,773,206,48.45999908,99.88860321
2022,Q2,Mobile Prepaid,Doha,86611,183.8500061,100.7300034,249.8399963,64.22000122,81.08000183,3.220000029,94.41000366,36907,9939,5.340000153,6297,656,270,67.54000092,99.9552002
2022,Q2,Mobile Prepaid,Al Rayyan,98059,114.8600006,98.37999725,250.3099976,71.37000275,84.26999664,3.019999981,96.79000092,24049,6902,4.460000038,3476,491,207,62.90999985,99.92870331
2022,Q2,Mobile Prepaid,Al Wakrah,115187,167.6199951,110.2099991,246.5599976,70.44999695,89.91999817,2.359999895,96.93000031,32071,10856,7.329999924,6685,542,234,66.72000122,99.94619751
2022,Q2,Mobile Prepaid,Umm Salal,92830,158.7899933,105.6200027,271.4200134,50.09999847,84.66999817,2.329999924,96.05999756,32533,10066,5.300000191,5305,637,266,52.83000183,99.96980286
2022,Q2,Mobile Prepaid,Al Khor,104249,133.6799927,101.5199966,257.3500061,57.88999939,89.30999756,2.769999981,98.23000336,32088,5968,2.930000067,4832,671,186,66.55000305,99.96360016
2022,Q2,Mobile Postpaid,Doha,88616,162.9600067,106.7099991,278.1499939,61.08000183,79.23000336,2.569999933,97.72000122,35476,10811,6.309999943,6113,618,162,55.27000046,99.90589905
2022,Q2,Mobile Postpaid,Al Rayyan,90833,178.75,111.9199982,264.980011,72.59999847,78.86000061,3.400000095,100,31047,16129,3.180000067,5657,785,164,57.97000122,99.9437027
2022,Q2,Mobile Postpaid,Al Wakrah,96478,166.5899963,100.4599991,258.9200134,57.84000015,78.08999634,2.700000048,96.61000061,41051,10517,3.650000095,4321,664,206,64.94000244,99.91719818
2022,Q2,Mobile Postpaid,Umm Salal,92297,160.4900055,107.0999985,216.9100037,55.66999817,71.48999786,2.710000038,97.51000214,34301,8211,5.090000153,4862,401,209,62.79000092,99.91919708
2022,Q2,Mobile Postpaid,Al Khor,103613,132.5099945,107.2699966,271.5700073,38.11000061,84.69000244,2.589999914,95.69999695,36506,10612,2.869999886,4282,455,224,69.59999847,99.94329834
2022,Q2,Fixed Broadband,Doha,91784,170.8200073,112.9800034,234.6100006,75.16999817,77.51999664,2.210000038,94.75,34295,12207,4.360000134,5457,526,252,50.00999832,99.94290161
2022,Q2,Fixed Broadband,Al Rayyan,118572,166.7799988,112.3399963,272.6799927,50.95000076,79.59999847,3.089999914,97.5,28491,8587,4.989999771,4533,586,182,57.88000107,99.92440033
2022,Q2,Fixed Broadband,Al Wakrah,87920,164.8000031,110.7900009,237.7299957,49.79000092,73.98999786,1.960000038,98.48999786,24091,7017,4.179999828,4917,812,177,49.90999985,99.9661026
2022,Q2,Fixed Broadband,Umm Salal,110624,154.6699982,101.3899994,244.6499939,55.72000122,77.51000214,2.130000114,97.87999725,34118,9618,7.320000172,4806,836,207,69.19000244,99.91999817
2022,Q2,Fixed Broadband,Al Khor,105788,141.5700073,104.0699997,243.2899933,69.23000336,74.19999695,2.470000029,96.19000244,25573,11192,4.949999809,4482,527,236,50.36000061,99.94200134
2022,Q2,Managed Services,Doha,101352,188.6900024,99.04000092,259.4299927,58.27999878,81.02999878,2.75,99.69000244,32303,10160,3.210000038,5197,768,149,59.70000076,100
2022,Q2,Managed Services,Al Rayyan,86546,166.2299957,108.6600037,244.5700073,49.11999893,79.04000092,2.470000029,97.88999939,34278,10138,6.050000191,4254,515,179,66.15000153,99.92559814
2022,Q2,Managed Services,Al Wakrah,106666,147.3300018,103.8000031,235.8999939,53.81999969,79.01000214,2.369999886,98.37999725,27069,7461,5.730000019,5737,500,248,48.40999985,99.93910217
2022,Q2,Managed Services,Umm Salal,91880,185.8800049,104.3399963,266.4599915,68.5,79.51000214,2.539999962,98.59999847,35316,10308,4.5,5095,491,216,61.45999908,99.94670105
2022,Q2,Managed Services,Al Khor,96603,119.0899963,110.8600006,244.8300018,75.01999664,80.11000061,1.950000048,94.80000305,26947,9608,4.769999981,4951,768,160,39.24000168,99.91660309
2022,Q2,IoT,Doha,106293,137.2299957,103.4000015,224.3200073,52.41999817,86.51999664,2.089999914,97.37000275,35211,7095,4.940000057,4888,544,214,54.33000183,99.94049835
2022,Q2,IoT,Al Rayyan,116545,136,102.5699997,300.9299927,78.44999695,87.91999817,2.470000029,96.16000366,30812,10832,4.429999828,5449,726,127,75.44999695,99.95079803
2022,Q2,IoT,Al Wakrah,111100,169.5500031,103.4300003,233.0800018,52.65000153,79.76999664,1.289999962,99.83999634,29303,12024,5.380000114,4565,513,188,66.61000061,99.96749878
2022,Q2,IoT,Umm Salal,87791,151.9400024,107.6900024,250.1699982,41.25,84.90000153,3.180000067,99.84999847,26071,10666,5.829999924,4472,530,215,60.72000122,99.92079926
2022,Q2,IoT,Al Khor,104349,146.3200073,107.2399979,229.1600037,62.58000183,88.86000061,2.369999886,95.41000366,18888,9832,5.46999979,4551,613,199,52.79999924,99.94709778
2022,Q2,Devices,Doha,99829,160.5800018,113.1600037,235.3999939,53.36000061,81.65000153,3.329999924,98.97000122,23405,11824,2.910000086,6285,549,128,62.65000153,99.95860291
2022,Q2,Devices,Al Rayyan,108454,158.8300018,107.2900009,273.5400085,60.11000061,75.94000244,2.349999905,95.76999664,33688,10683,3.440000057,5845,601,166,50.36999893,99.94239807
2022,Q2,Devices,Al Wakrah,98262,103.9899979,104.3600006,241.1199951,56.15999985,78.04000092,2.079999924,96.94999695,25734,8125,5.760000229,6306,433,192,75.62000275,99.95559692
2022,Q2,Devices,Umm Salal,99468,150.5299988,106.8499985,244.5200043,46.00999832,78.76999664,2.059999943,95.97000122,31556,12835,4.289999962,5158,605,247,74.41999817,99.94879913
2022,Q2,Devices,Al Khor,87075,131.6399994,106.9199982,247.8899994,67.90000153,77.68000031,2.230000019,97.94999695,22599,9163,5.079999924,2813,654,191,56.06000137,99.96790314
2022,Q3,Mobile Prepaid,Doha,93307,160.9700012,102.0500031,296.2099915,71.66999817,84.87000275,2.960000038,96.58999634,35286,9990,4.71999979,4418,624,253,69.43000031,99.92590332
2022,Q3,Mobile Prepaid,Al Rayyan,95578,145.8600006,97.36000061,191.6199951,74,89.08999634,2.880000114,93.01000214,23831,8313,6,4481,548,257,54.24000168,99.96399689
2022,Q3,Mobile Prepaid,Al Wakrah,94544,144.6300049,110.0800018,249.3899994,62.68999863,81.13999939,2.75999999,96.04000092,35291,10591,4.659999847,6852,667,154,71.51000214,99.95800018
2022,Q3,Mobile Prepaid,Umm Salal,109614,183.25,106.1200027,225.8300018,67.54000092,75.95999908,3.059999943,97.23999786,26744,6382,4.900000095,4691,600,231,59.04999924,99.95010376
2022,Q3,Mobile Prepaid,Al Khor,94307,129.9799957,104.2300034,263.769989,57.34000015,82.27999878,2.839999914,99.23999786,24579,8951,4.78000021,4844,437,238,65,99.97820282
2022,Q3,Mobile Postpaid,Doha,88240,185.6900024,116.3399963,279.9500122,70.30999756,85.20999908,2.710000038,96.01999664,29012,8513,5.730000019,5501,760,195,84.30000305,99.97740173
2022,Q3,Mobile Postpaid,Al Rayyan,80204,110.6500015,107.7200012,179.6199951,46.43000031,77.91999817,2.539999962,99.91000366,34706,9570,5.980000019,6525,499,290,58.11000061,99.92050171
2022,Q3,Mobile Postpaid,Al Wakrah,89447,147.7599945,108.4899979,220.5700073,64.05000305,79.25,2.920000076,97.05999756,36187,10598,6.389999866,5353,550,197,32.38999939,99.94799805
2022,Q3,Mobile Postpaid,Umm Salal,114532,141.5700073,107.8899994,228.3800049,61.27999878,84.19999695,1.970000029,97.75,26913,9078,3.150000095,6558,499,231,72.65000153,99.95999908
2022,Q3,Mobile Postpaid,Al Khor,112127,121.6399994,102.1500015,226.0599976,60.70999908,85.69999695,3.140000105,93.19999695,22427,9425,4.960000038,4725,474,259,77.94999695,99.95290375
2022,Q3,Fixed Broadband,Doha,105122,125.5899963,102.4400024,282.2000122,53.06999969,89.33000183,2.049999952,99.06999969,33351,9074,6.369999886,5166,613,234,38.63000107,99.94400024
2022,Q3,Fixed Broadband,Al Rayyan,94538,150.7299957,105.3099976,242.0899963,59.27000046,82.69000244,2.849999905,95.48999786,28321,8043,5.900000095,4732,642,208,57.81999969,99.92369843
2022,Q3,Fixed Broadband,Al Wakrah,102285,127.7799988,98.20999908,251.8999939,89.72000122,80.33000183,1.74000001,95.63999939,31513,14272,5.960000038,3203,559,195,66,99.93009949
2022,Q3,Fixed Broadband,Umm Salal,102985,130.9499969,98.61000061,245.6000061,45.15999985,75.90000153,3.25999999,98.16000366,33630,9457,3.220000029,4109,544,140,52.25,99.95059967
2022,Q3,Fixed Broadband,Al Khor,82967,177.75,102.7300034,187.9900055,69.56999969,81.33999634,2.589999914,95.55999756,24421,6592,6.119999886,6049,782,235,66.65000153,99.91850281
2022,Q3,Managed Services,Doha,99574,166.3000031,99.66000366,236.6600037,59.13000107,78.88999939,2.119999886,97.58000183,40452,10158,6.420000076,4481,679,252,68.52999878,99.9484024
2022,Q3,Managed Services,Al Rayyan,118985,174.3099976,102.2099991,239.6699982,67.73999786,84.87000275,2.799999952,98.59999847,27621,6364,4.320000172,6397,665,159,58.83000183,99.97389984
2022,Q3,Managed Services,Al Wakrah,87916,176.5399933,103.8700027,196.6600037,52.06999969,85.27999878,3.410000086,98.81999969,42128,9877,5.699999809,6850,605,242,54.47999954,99.98459625
2022,Q3,Managed Services,Umm Salal,115894,148.6900024,100.1699982,269.4899902,60.04999924,78.08999634,3.190000057,96.37999725,32884,13258,6.050000191,5461,541,210,54.91999817,99.94229889
2022,Q3,Managed Services,Al Khor,97670,164.6600037,104.5800018,224.4799957,61.84999847,82.34999847,1.629999995,93.69000244,31651,9137,5.789999962,4655,775,229,49.09000015,99.93319702
2022,Q3,IoT,Doha,97889,157.2899933,109.3199997,239.8600006,49.95000076,80.08000183,2.309999943,95.36000061,20723,10231,5.260000229,4738,445,150,61.33000183,99.93599701
2022,Q3,IoT,Al Rayyan,92190,145.7299957,106.1699982,298.1400146,57.70000076,72.88999939,3.710000038,98.02999878,31933,10792,4.340000153,4669,634,177,48.81999969,99.94010162
2022,Q3,IoT,Al Wakrah,95142,172.8000031,100.4000015,217.9199982,34.63999939,88.13999939,2.210000038,100,28711,13162,5.440000057,5100,637,188,61.16999817,99.91719818
2022,Q3,IoT,Umm Salal,100164,116.7099991,100.0599976,314.3800049,48.43999863,74.23999786,3.319999933,98.37999725,27894,9576,5.489999771,5904,622,194,64.70999908,99.95290375
2022,Q3,IoT,Al Khor,98969,148.8200073,109.8399963,272.519989,56.75,83.41999817,3.579999924,92.55000305,30751,12371,4.150000095,4069,486,172,64.80999756,99.95330048
2022,Q3,Devices,Doha,86981,148.0899963,115.4400024,254.4499969,55.15999985,83.02999878,3.680000067,98.55999756,33196,12430,4.840000153,3611,529,202,56.90000153,99.98490143
2022,Q3,Devices,Al Rayyan,83704,162.6399994,97.98000336,268.6300049,63.38999939,82.62000275,1.799999952,99.58000183,36571,12512,5.170000076,4321,487,182,72.79000092,99.96569824
2022,Q3,Devices,Al Wakrah,113605,164.5700073,108.9300003,260.2799988,28.23999977,82.41000366,2.170000076,94.18000031,27038,8766,4.380000114,4877,647,96,63.36999893,99.97290039
2022,Q3,Devices,Umm Salal,81578,154.6399994,104.4700012,234.4600067,53.27000046,75.11000061,2.220000029,98.29000092,29448,10924,5.340000153,4157,801,236,59.81999969,99.93309784
2022,Q3,Devices,Al Khor,95712,103.9300003,99.80000305,218.8500061,79.16000366,78.56999969,2.029999971,98.16000366,38306,9532,5.539999962,4640,432,167,61.06000137,99.93969727
2022,Q4,Mobile Prepaid,Doha,110093,208.3300018,100.9300003,235.8899994,49.93000031,79.41999817,2.789999962,98.23000336,34140,11575,4.230000019,6078,451,228,62.43000031,99.92739868
2022,Q4,Mobile Prepaid,Al Rayyan,100172,188.5399933,103.5400009,224.2599945,65.54000092,72.52999878,2.319999933,98.58999634,27633,12569,4.360000134,5027,704,220,74.30999756,99.91480255
2022,Q4,Mobile Prepaid,Al Wakrah,96531,130.9799957,110.1699982,224.3899994,62.24000168,79.65000153,2.599999905,98.91000366,29485,11510,2.890000105,3778,553,196,46.70000076,99.95860291
2022,Q4,Mobile Prepaid,Umm Salal,98742,149.6600037,109.6600037,213.8099976,63.59000015,78.18000031,2.450000048,96.23000336,33563,7438,7.170000076,4427,759,207,54.36999893,99.95529938
2022,Q4,Mobile Prepaid,Al Khor,112477,113.1699982,105.8700027,286.1499939,49.34999847,76.81999969,2.75,95.06999969,20212,8008,4.78000021,5696,739,153,59.29999924,99.96240234
2022,Q4,Mobile Postpaid,Doha,89619,160.8999939,106.4199982,207.8600006,73.73999786,77.83999634,2.980000019,97.16000366,26039,10752,5.840000153,4019,479,206,56.93999863,99.98059845
2022,Q4,Mobile Postpaid,Al Rayyan,97210,149.6100006,100.9800034,303.9599915,74.27999878,70.88999939,3.529999971,100,24622,8832,2.980000019,5240,650,265,60,99.95490265
2022,Q4,Mobile Postpaid,Al Wakrah,108822,136.0899963,104.9100037,301.8299866,57.95999908,78.62000275,1.700000048,97.16000366,24582,7211,4.079999924,5037,550,241,73.37999725,99.94319916
2022,Q4,Mobile Postpaid,Umm Salal,86177,106.7300034,112.3899994,264.6099854,63.68000031,76,2.910000086,98.11000061,29087,10975,4.920000076,4419,514,236,46.15000153,99.93370056
2022,Q4,Mobile Postpaid,Al Khor,93303,128.9900055,107.5299988,255.8899994,59.65999985,82.94000244,2.690000057,95.61000061,29060,9931,7.230000019,4724,668,177,64.66000366,99.97460175
2022,Q4,Fixed Broadband,Doha,106094,189.6000061,97.66999817,309.1099854,65.91000366,73.23999786,2.410000086,96.80000305,32325,11059,5.739999771,4781,479,227,67.69000244,99.9681015
2022,Q4,Fixed Broadband,Al Rayyan,103673,140.7899933,108.3499985,185.6600037,48.72000122,77.16999817,2.940000057,95.58000183,29100,11890,3.420000076,4898,512,185,50.47000122,99.95200348
2022,Q4,Fixed Broadband,Al Wakrah,106215,156.5500031,97.69999695,256.4100037,74.52999878,80.66000366,1.919999957,93.05000305,27632,12112,5.260000229,3830,381,221,75.29000092,99.97360229
2022,Q4,Fixed Broadband,Umm Salal,107312,132.0599976,97.76000214,220.5800018,43.43999863,82.23999786,3.339999914,100,29575,8693,4.670000076,6195,696,143,54.93000031,99.96640015
2022,Q4,Fixed Broadband,Al Khor,94106,157.9799957,110.1200027,264.2399902,73.16999817,84.15000153,1.450000048,94.54000092,22000,9982,6.559999943,5319,689,103,56.72000122,99.95890045
2022,Q4,Managed Services,Doha,109764,133.1399994,97.16000366,297.6700134,37.41999817,78.97000122,2.859999895,99.51000214,28059,11738,6.119999886,4451,505,59,80.44999695,99.96219635
2022,Q4,Managed Services,Al Rayyan,100587,148.1300049,113.4700012,197.3200073,61.31000137,80.16000366,1.929999948,98.76999664,31335,9895,6.349999905,6013,609,162,65.13999939,99.9382019
2022,Q4,Managed Services,Al Wakrah,84534,147.8300018,107.2300034,268.6700134,64.66999817,78.44999695,1.590000033,100,33299,15376,7.96999979,4949,475,145,54.40999985,99.97930145
2022,Q4,Managed Services,Umm Salal,84689,162.5599976,106.2200012,238.0700073,57.52000046,76.94000244,1.639999986,97.04000092,26426,8789,5.53000021,5918,629,182,62.09999847,99.97460175
2022,Q4,Managed Services,Al Khor,118231,139.4299927,106.9300003,193.7299957,83.58000183,86.13999939,2.099999905,98.31999969,29541,13324,5.400000095,4907,730,176,61.45000076,99.95059967
2022,Q4,IoT,Doha,97137,193.3399963,109.2699966,236.4400024,50.83000183,84.12999725,3.24000001,95.44999695,29782,8644,5.389999866,5218,482,256,60.72000122,99.90480042
2022,Q4,IoT,Al Rayyan,104209,146.5,111.4300003,307.6300049,63.11000061,80.75,3.869999886,96.19000244,20313,12055,4.639999866,4581,522,174,35.61999893,99.96489716
2022,Q4,IoT,Al Wakrah,120252,154.7899933,105.7900009,340.2999878,67.41999817,77.47000122,3.329999924,99.11000061,25853,12302,5.269999981,2883,683,305,47.43999863,99.9394989
2022,Q4,IoT,Umm Salal,111865,138.6100006,105.5599976,239.3899994,63.33000183,72.23999786,2.75999999,96.43000031,26783,11727,5.849999905,4324,591,167,36.88999939,99.95030212
2022,Q4,IoT,Al Khor,86099,169.6600037,107.1299973,251.4900055,77.43000031,83.70999908,2.789999962,95.30999756,24682,13215,4.300000191,6138,617,207,63.34000015,99.9571991
2022,Q4,Devices,Doha,116165,173.0200043,100.0299988,244.3099976,71.19999695,79.51999664,1.830000043,100,35445,7494,5.889999866,3829,709,223,74.91000366,99.95159912
2022,Q4,Devices,Al Rayyan,99459,154.0899963,105.9899979,268.0700073,38.5,88.30000305,3.039999962,97.51000214,20868,10792,5.429999828,5769,765,281,52.13999939,99.93910217
2022,Q4,Devices,Al Wakrah,102239,150.1900024,108.8099976,247.9400024,81.12999725,69,3.369999886,100,28123,8512,4.199999809,6524,633,192,68.98999786,99.97679901
2022,Q4,Devices,Umm Salal,110724,151.6199951,103.4599991,249.8099976,58.86999893,78.76999664,1.460000038,95.12999725,28555,9976,5.130000114,7167,526,208,51.43000031,100
2022,Q4,Devices,Al Khor,105423,164.4900055,103.5800018,205.1300049,63.93000031,85.73999786,1.720000029,97.61000061,35848,9729,5.21999979,4690,719,177,55.06000137,99.96009827
2023,Q1,Mobile Prepaid,Doha,214981,331.8999939,115.5199966,501.5,102.4100037,80.76999664,1.730000019,98.01000214,30002,10691,6.829999924,5470,438,152,66.95999908,99.93609619
2023,Q1,Mobile Prepaid,Al Rayyan,204237,279.980011,116.0899963,487.0899963,113.9000015,79.19999695,2.160000086,98.56999969,34566,17101,6.25,4108,591,74,55.06999969,99.9477005
2023,Q1,Mobile Prepaid,Al Wakrah,215911,293.7900085,103.7699966,517.2800293,135.0200043,82.62000275,2.769999981,98.86000061,35286,15057,5.309999943,4895,519,225,73.37000275,99.94470215
2023,Q1,Mobile Prepaid,Umm Salal,207525,260.1099854,103.9100037,467.8999939,108.2300034,86.51999664,2.099999905,98.68000031,28316,10973,6.670000076,6616,679,180,56.68999863,99.93769836
2023,Q1,Mobile Prepaid,Al Khor,199838,305.0299988,120.3199997,469.3800049,123.5599976,85.5,2.170000076,95.47000122,35205,9636,5.170000076,3748,705,186,65.5,99.96620178
2023,Q1,Mobile Postpaid,Doha,207634,266.0400085,109,490.2399902,112.9599991,80.97000122,2.170000076,98.38999939,25411,12570,4.78000021,5388,658,224,50.38999939,99.93039703
2023,Q1,Mobile Postpaid,Al Rayyan,185102,356.5,105.3399963,488.7099915,85.56999969,81.44999695,3.299999952,99.05999756,28060,10682,4.940000057,5896,520,142,63.22999954,99.93240356
2023,Q1,Mobile Postpaid,Al Wakrah,204687,318,106.2399979,490.5499878,133.1900024,77.77999878,2.829999924,95.69000244,36945,6923,6.920000076,6563,453,171,64.75,99.95950317
2023,Q1,Mobile Postpaid,Umm Salal,208096,286.0299988,111.2799988,529.5599976,136.1900024,79.12000275,1.710000038,95.76000214,28055,11989,5.28000021,5572,578,264,55.08000183,99.92089844
2023,Q1,Mobile Postpaid,Al Khor,197572,296.1300049,104.3000031,456.9500122,111.4899979,76.20999908,3.25,97.41999817,28663,8940,4.53000021,4775,587,214,64.19999695,99.93260193
2023,Q1,Fixed Broadband,Doha,185302,319,95.95999908,473.6099854,127.9000015,83.98000336,1.899999976,95.33999634,25514,11969,4.570000172,5719,606,222,66.68000031,99.92520142
2023,Q1,Fixed Broadband,Al Rayyan,198458,310.8299866,109.1399994,524.3300171,110.9499969,83.58000183,2.819999933,93.70999908,29475,11456,5.420000076,7087,611,161,55.52000046,99.96620178
2023,Q1,Fixed Broadband,Al Wakrah,216310,319.5,113.6299973,477.9400024,122.9700012,86.73000336,2.190000057,94.97000122,28338,13080,4.619999886,3679,497,274,60.99000168,99.96589661
2023,Q1,Fixed Broadband,Umm Salal,196168,308.8500061,111.6200027,446.3500061,119.8499985,81.68000031,3.180000067,95.45999908,26594,11363,5.610000134,3932,493,130,62.61999893,99.97250366
2023,Q1,Fixed Broadband,Al Khor,206790,314.6199951,115.0400009,475.6700134,124.3399963,88.13999939,2.420000076,96.87999725,23330,11122,5.420000076,7214,567,202,77.48000336,99.97579956
2023,Q1,Managed Services,Doha,192938,303.4899902,113.3799973,469.0700073,110.7399979,77.01000214,2.450000048,98.94999695,33386,8776,3.869999886,4597,399,100,73.55999756,99.94480133
2023,Q1,Managed Services,Al Rayyan,202291,283.3699951,107.1800003,500.25,130.6399994,70.70999908,3.109999895,98.30000305,25163,10151,4.690000057,5274,444,191,66.16999817,99.96399689
2023,Q1,Managed Services,Al Wakrah,191480,333.4400024,111.6200027,487.8900146,116.3199997,75.79000092,2.920000076,97.26000214,35282,8891,4.869999886,5189,667,161,70.33000183,99.95659637
2023,Q1,Managed Services,Umm Salal,197037,327.4500122,98.87000275,489.9200134,107.9000015,80.37000275,1.360000014,97.79000092,31774,8683,5.880000114,4174,480,265,51.84000015,99.9265976
2023,Q1,Managed Services,Al Khor,206245,284.9100037,103.75,481.730011,133.5200043,75.93000031,2.390000105,94.41000366,29847,7114,4.03000021,6164,675,199,49.49000168,99.92449951
2023,Q1,IoT,Doha,203654,289.9299927,106.6299973,508.9899902,113.7200012,83.13999939,3.00999999,96.88999939,29258,12282,4.829999924,6056,528,188,57.65000153,99.92369843
2023,Q1,IoT,Al Rayyan,205175,269.7900085,108.2900009,483.6400146,133.2799988,78.37999725,2.24000001,98,31788,8292,6.949999809,4158,638,139,53.99000168,99.93830109
2023,Q1,IoT,Al Wakrah,205861,308.1400146,114.5500031,495.8800049,120.1600037,76.75,2.710000038,97.33000183,27434,11359,6.820000172,4813,676,265,59.86000061,99.91649628
2023,Q1,IoT,Umm Salal,194956,296.6799927,102.1500015,461.4500122,112.4300003,79.75,3.069999933,98.70999908,37319,7693,6.510000229,3655,601,188,67.48000336,99.99780273
2023,Q1,IoT,Al Khor,180865,357.3800049,107.4199982,481.7900085,133.6100006,74.70999908,2.289999962,97.25,27349,8912,4.739999771,3864,403,156,53.79999924,99.94589996
2023,Q1,Devices,Doha,206723,301.0899963,120.7200012,462.1799927,129.1100006,90.40000153,2.430000067,96.58999634,30410,10300,6.230000019,5508,692,235,75.01999664,99.93389893
2023,Q1,Devices,Al Rayyan,185938,317.8399963,114.2900009,474.8900146,116.7200012,77.55999756,2.420000076,97.31999969,31208,11801,6.900000095,5147,346,227,58.52999878,99.92050171
2023,Q1,Devices,Al Wakrah,195390,307.3599854,109.5100021,520.0499878,134.0099945,79.41999817,3.289999962,97.73999786,28719,8804,4.489999771,4377,500,170,45.77999878,99.938797
2023,Q1,Devices,Umm Salal,199940,306.5400085,104.75,518.5,119.0100021,75.19000244,2.420000076,98.06999969,32611,8753,4.619999886,4137,464,178,73.94000244,99.95619965
2023,Q1,Devices,Al Khor,191763,295.3099976,104.4400024,539.9000244,130.3500061,76.69000244,2.829999924,97.43000031,27146,12779,3.170000076,5450,759,172,63.33000183,99.90840149
2023,Q2,Mobile Prepaid,Doha,206222,309.5899963,104.8600006,521.6300049,126.6100006,87.26999664,3.119999886,95.18000031,30556,4960,4.849999905,5349,707,292,45.31999969,99.94180298
2023,Q2,Mobile Prepaid,Al Rayyan,197107,292.7399902,117.7399979,449.8500061,118.9700012,83.15000153,2.859999895,96.33999634,30371,7165,6.489999771,5730,594,143,52.74000168,99.93379974
2023,Q2,Mobile Prepaid,Al Wakrah,210027,315.0599976,105.3099976,545.8099976,102.9100037,89.55000305,3.339999914,92.73999786,28001,10939,7.010000229,4383,653,176,56.79000092,99.93039703
2023,Q2,Mobile Prepaid,Umm Salal,205228,268.230011,110.1299973,505.6600037,125.0299988,77.30999756,3.49000001,94.79000092,25636,12341,4.769999981,4325,416,247,71.23000336,99.97119904
2023,Q2,Mobile Prepaid,Al Khor,199316,301.6600037,108.5199966,472.8299866,130.4100037,77.31999969,3.359999895,97,27155,5426,4.099999905,5131,662,247,58.66999817,99.94909668
2023,Q2,Mobile Postpaid,Doha,196725,304.8599854,112.9800034,509.8299866,119.3099976,81.45999908,2.430000067,95.27999878,29895,11865,6.440000057,6397,649,277,69.31999969,99.95300293
2023,Q2,Mobile Postpaid,Al Rayyan,183860,306.519989,109.8499985,471.3299866,131.2100067,79.77999878,2.130000114,97.76000214,22630,9474,4.840000153,4968,642,134,62.99000168,99.97450256
2023,Q2,Mobile Postpaid,Al Wakrah,211820,299.019989,109.8399963,475.3500061,112.5500031,78.19000244,2.579999924,96.40000153,31125,11507,5.610000134,4199,729,307,65.48999786,99.9496994
2023,Q2,Mobile Postpaid,Umm Salal,188242,280.8800049,121.75,526.7800293,128.8099976,81.23999786,2.319999933,96.48000336,28093,9903,4.300000191,3013,464,130,66.94999695,99.94509888
2023,Q2,Mobile Postpaid,Al Khor,187640,280.7399902,114.8099976,463.2799988,114.5800018,77.48999786,1.870000005,96.76000214,15294,9902,4.170000076,3223,329,242,64.19999695,99.92160034
2023,Q2,Fixed Broadband,Doha,206577,318.9200134,109.4599991,526.7600098,112.2200012,90.81999969,2.980000019,99.44000244,25191,10053,4.230000019,4639,564,223,77.52999878,99.94560242
2023,Q2,Fixed Broadband,Al Rayyan,225834,293.4299927,113.1800003,498.9100037,122.4199982,78.44999695,2.470000029,96.27999878,27353,8838,4.480000019,5679,712,171,54.63999939,99.938797
2023,Q2,Fixed Broadband,Al Wakrah,205325,298.2999878,111.7200012,499.519989,123.2300034,80.02999878,2.630000114,93.87999725,28572,11091,4.179999828,5122,500,90,50.34999847,99.97499847
2023,Q2,Fixed Broadband,Umm Salal,212155,304.7799988,113.1299973,483.9299927,123.5800018,82.26000214,2.480000019,98.79000092,33543,8555,4.710000038,5405,666,189,64.79000092,99.96399689
2023,Q2,Fixed Broadband,Al Khor,197464,307.1799927,99.62999725,502.3099976,126.75,74.31999969,2.869999886,93.55999756,35905,12254,3.349999905,4675,651,273,65.58999634,99.94159698
2023,Q2,Managed Services,Doha,190201,327.9599915,111.1100006,461.9200134,109.8799973,82.41999817,2.75999999,92.65000153,29956,10460,4.019999981,5294,633,68,70.18000031,99.93039703
2023,Q2,Managed Services,Al Rayyan,228040,301.519989,112.5100021,533.6400146,131.1399994,81.52999878,2.349999905,95.83999634,33516,8855,3.75999999,6384,574,315,62.09000015,99.9858017
2023,Q2,Managed Services,Al Wakrah,200755,297.4899902,108.8399963,507.6499939,106.4199982,71.91000366,2.079999924,95.80999756,28083,8011,3.400000095,3097,607,243,65.62000275,99.95539856
2023,Q2,Managed Services,Umm Salal,190024,299.1199951,113.9800034,488.7200012,131.5200043,83.37999725,2.410000086,94.05000305,29401,10444,4.329999924,7143,646,269,51.20999908,99.96260071
2023,Q2,Managed Services,Al Khor,215721,285.2799988,118.3199997,474.480011,122.0299988,74.45999908,2.029999971,97.87999725,18889,13453,5.409999847,4336,661,244,70.19999695,99.93499756
2023,Q2,IoT,Doha,182253,305.3999939,113.1299973,531.9000244,111.9700012,82.04000092,1.980000019,98.45999908,22547,11028,3.25999999,4491,646,40,65.55000305,99.9355011
2023,Q2,IoT,Al Rayyan,200917,320.0899963,109.3899994,471.4500122,121.75,83.38999939,2.569999933,95.23000336,27463,12082,4.550000191,3462,383,305,45.86999893,99.96340179
2023,Q2,IoT,Al Wakrah,199431,277.9200134,108.4700012,540.1799927,125.5199966,71.62999725,2.299999952,94.12999725,32196,8258,5.679999828,4514,654,233,46.65000153,99.93969727
2023,Q2,IoT,Umm Salal,204832,322.4299927,101.4499969,522.789978,108.5999985,84.41999817,2.529999971,97.66999817,26278,10910,6.349999905,3530,586,178,52.77999878,99.93779755
2023,Q2,IoT,Al Khor,198918,329.8800049,107.6800003,496.75,140.6399994,83.19999695,2.00999999,100,29874,6745,5.599999905,4886,688,179,50.47999954,99.95040131
2023,Q2,Devices,Doha,218098,303.2999878,121.4499969,498.7600098,116.7200012,79.23999786,3.480000019,95.25,33021,7595,4.769999981,6142,546,187,69.87000275,99.94290161
2023,Q2,Devices,Al Rayyan,196328,285.3099976,111.8600006,487.0799866,123.5899963,85.26000214,2.099999905,98.66000366,42345,7703,3.140000105,4434,576,176,65.77999878,99.94550323
2023,Q2,Devices,Al Wakrah,225069,278.5899963,107.9800034,420.3099976,114.6600037,85.69000244,3.289999962,96.5,35372,6511,3.849999905,6122,467,178,64.55999756,99.94960022
2023,Q2,Devices,Umm Salal,192159,288.6600037,113.3600006,451.769989,139.4199982,82.30999756,1.879999995,95.04000092,26475,10391,4.940000057,4337,690,244,55.41999817,99.96669769
2023,Q2,Devices,Al Khor,199382,319.0599976,115.7699966,491.7799988,129.0899963,76.76999664,2.450000048,96.25,25017,6488,4.380000114,4120,723,278,49.06999969,99.93190002
2023,Q3,Mobile Prepaid,Doha,186090,339.1199951,111.0299988,495.269989,123.0199966,74.66999817,2.24000001,97.76999664,22399,8630,5.309999943,5243,613,241,79.61000061,99.92009735
2023,Q3,Mobile Prepaid,Al Rayyan,203704,271.7900085,110.6600037,501.7399902,128.3600006,87.26000214,2.819999933,97.83999634,23309,9941,4.78000021,5288,547,261,61.84999847,99.92970276
2023,Q3,Mobile Prepaid,Al Wakrah,212492,279.0499878,113.1200027,484.019989,128.6399994,79.68000031,2.329999924,96.37000275,33555,10491,4.789999962,4487,681,166,45.97000122,99.96900177
2023,Q3,Mobile Prepaid,Umm Salal,210871,322.730011,100.3099976,506.4100037,111.1500015,70.05999756,2.170000076,98.80000305,33829,10397,6.300000191,6434,725,276,39.38000107,99.94989777
2023,Q3,Mobile Prepaid,Al Khor,195694,279.4200134,110.6500015,497.3699951,129.3500061,84.81999969,1.679999948,95.55000305,30175,7453,5.900000095,5989,568,194,57.00999832,99.94409943
2023,Q3,Mobile Postpaid,Doha,194211,292.1300049,109.6600037,522.8599854,135.8800049,87.25,2.630000114,97.23999786,26177,10026,5.739999771,5111,484,174,70.73000336,99.98619843
2023,Q3,Mobile Postpaid,Al Rayyan,194452,301.7999878,107.6800003,483.5400085,118.6999969,67.83999634,2.339999914,99.36000061,26239,9744,4.630000114,4399,504,142,60.75,99.95819855
2023,Q3,Mobile Postpaid,Al Wakrah,204540,296.6000061,105.8700027,458.8399963,120.4599991,82,2.349999905,95.5,19647,10922,5.53000021,4386,861,88,54.86999893,99.94139862
2023,Q3,Mobile Postpaid,Umm Salal,212091,292.0700073,97.62999725,503.5599976,129.5200043,76.13999939,2.589999914,93.41000366,26202,11524,3.789999962,4949,515,209,59.75,99.94799805
2023,Q3,Mobile Postpaid,Al Khor,201573,275.2999878,113.0100021,534.289978,114.3399963,82.44000244,1.870000005,97.93000031,22877,9215,4.590000153,4492,495,141,85.31999969,99.9822998
2023,Q3,Fixed Broadband,Doha,213284,308.269989,103.9199982,458.3099976,138.7200012,81.91999817,2.549999952,96.31999969,29358,6794,5.25,6570,606,155,55.36999893,99.95780182
2023,Q3,Fixed Broadband,Al Rayyan,186965,276.3299866,105.1699982,513.4500122,122.9499969,87.20999908,2.059999943,96.87000275,39921,8153,4.820000172,5682,633,162,46.63000107,99.94960022
2023,Q3,Fixed Broadband,Al Wakrah,195609,289.6900024,106.8700027,457.2999878,126.0299988,83.68000031,2.079999924,97.22000122,21146,10371,3.910000086,4005,493,172,61.15999985,99.94460297
2023,Q3,Fixed Broadband,Umm Salal,185212,250.3399963,107.5500031,466.8999939,125.8099976,66.33000183,2.470000029,97.25,30657,9009,6.300000191,5830,478,224,81.98999786,99.96350098
2023,Q3,Fixed Broadband,Al Khor,203883,270.769989,114.7399979,500.3999939,125.3799973,87.70999908,2.140000105,99.70999908,31611,6951,5.75,4010,490,180,69.51000214,99.96779633
2023,Q3,Managed Services,Doha,214695,300.4299927,110.9300003,502.3099976,112.6200027,71.84999847,2.809999943,92.90000153,30412,10528,3.650000095,4413,463,159,72.08000183,99.96179962
2023,Q3,Managed Services,Al Rayyan,203100,301.4200134,102.1600037,487.5799866,117.0899963,82.52999878,2.890000105,95.19999695,24728,9148,5.989999771,5144,461,216,64.87999725,99.91280365
2023,Q3,Managed Services,Al Wakrah,189097,263.3999939,108.5699997,490.2200012,134.6600037,82.73000336,2.529999971,98.68000031,34840,10540,5.159999847,4341,708,236,58.72000122,99.93289948
2023,Q3,Managed Services,Umm Salal,212036,334.6099854,113.8799973,509.019989,114.5800018,80.94999695,2.339999914,98.63999939,28668,10385,4.909999847,5094,514,235,52.83000183,99.96009827
2023,Q3,Managed Services,Al Khor,177264,312.6900024,111.3799973,485.3399963,135.1600037,90.83999634,2.50999999,96.20999908,27348,12582,3.609999895,3866,819,157,52.86999893,99.9190979
2023,Q3,IoT,Doha,199277,289.9400024,105.0800018,512.3200073,121.4800034,83.98999786,1.649999976,96.43000031,23348,8715,6.71999979,5483,562,229,55.45999908,99.96230316
2023,Q3,IoT,Al Rayyan,208060,276.7600098,103.5400009,464.5100098,126.5500031,90.41999817,2.450000048,96.26000214,25430,10959,5.679999828,5469,608,227,46.11000061,99.9414978
2023,Q3,IoT,Al Wakrah,207976,322.1099854,111.1600037,487.2900085,132.5399933,76.63999939,2.75,97.66999817,16829,8336,4.769999981,5905,526,210,62.54999924,99.93800354
2023,Q3,IoT,Umm Salal,203722,289.1700134,108,479.9899902,119.9199982,83.48000336,2.480000019,95.16999817,27092,8520,3.559999943,5094,519,184,68.56999969,99.97509766
2023,Q3,IoT,Al Khor,187893,309.4700012,103.4199982,547.3300171,110.4899979,88.18000031,2.380000114,94.41999817,34393,9679,5.71999979,5334,608,109,61.06000137,99.92269897
2023,Q3,Devices,Doha,194942,300.4599915,103.5,543.3900146,109.8799973,79.05999756,2.470000029,96.56999969,29578,10454,4.679999828,5688,691,120,55.00999832,100
2023,Q3,Devices,Al Rayyan,197006,307.6799927,111.0400009,489.5499878,123.3799973,81.87000275,2.549999952,93.11000061,33774,8754,6.130000114,5169,599,174,76.56999969,99.93080139
2023,Q3,Devices,Al Wakrah,217690,294.7900085,116.0599976,497.0400085,123.9800034,81.01999664,1.629999995,97.65000153,33485,11432,4.579999924,4456,727,131,55.75999832,99.97250366
2023,Q3,Devices,Umm Salal,201841,329.980011,105.4199982,512.0700073,125.25,81.97000122,2.329999924,94.44999695,37241,5868,4.150000095,6525,695,309,61.08000183,99.90460205
2023,Q3,Devices,Al Khor,196279,313.6799927,108.9499969,479.4299927,102.0800018,76.56999969,3.430000067,94.51000214,26383,10521,5.559999943,6840,576,207,60.77000046,99.94709778
2023,Q4,Mobile Prepaid,Doha,209101,300.230011,100.0800018,475.769989,115.3399963,75.75,2.660000086,93.54000092,23222,10851,3.910000086,5642,591,178,57.11999893,99.9335022
2023,Q4,Mobile Prepaid,Al Rayyan,202443,304.7600098,109.5299988,494.4700012,112.0999985,80.06999969,2.859999895,94.08999634,31814,7235,4.699999809,8034,703,148,75.25,99.98049927
2023,Q4,Mobile Prepaid,Al Wakrah,196565,265.8099976,101.2200012,488.8999939,104.6200027,85.87999725,2.950000048,96.36000061,23695,9400,6.119999886,5408,518,188,48.59999847,99.97850037
2023,Q4,Mobile Prepaid,Umm Salal,204523,282.7999878,106.8499985,528.5,108.7799988,69.22000122,2.119999886,96.41000366,31550,10127,4.71999979,4102,570,261,58.13000107,99.94550323
2023,Q4,Mobile Prepaid,Al Khor,185475,302.25,108.3000031,452.9400024,131.1499939,78.73000336,2.980000019,96.62999725,28574,8167,5.300000191,5403,576,173,73.58000183,99.95020294
2023,Q4,Mobile Postpaid,Doha,209180,295.7900085,113.8000031,490.4599915,123.6900024,74.47000122,2.660000086,92.80000305,33905,9993,5.900000095,2328,479,314,55.08000183,99.93710327
2023,Q4,Mobile Postpaid,Al Rayyan,201163,254.1699982,107.6800003,543.5700073,127.5299988,84.15000153,3.279999971,95.06999969,28690,10417,4.019999981,4485,643,87,59.68999863,99.92620087
2023,Q4,Mobile Postpaid,Al Wakrah,196176,310.8699951,100.3199997,454.0299988,102.5299988,72.54000092,2.710000038,98.16000366,35728,9522,2.539999962,7185,454,221,54.84999847,99.95359802
2023,Q4,Mobile Postpaid,Umm Salal,187891,301.7099915,107.4400024,474.1000061,117.1399994,82.51000214,2.210000038,100,27875,9920,3.630000114,4711,557,275,55.88999939,99.9878006
2023,Q4,Mobile Postpaid,Al Khor,181461,295.8800049,108.9300003,529.1900024,141.8300018,75.08000183,2.269999981,98.36000061,31878,8698,5.010000229,6086,520,211,64.13999939,99.92250061
2023,Q4,Fixed Broadband,Doha,200574,280.2900085,108.6800003,480.9500122,111.5199966,84.73000336,2.230000019,94.80000305,21688,9011,3.630000114,5622,699,250,63.38999939,99.93730164
2023,Q4,Fixed Broadband,Al Rayyan,207759,312.5799866,110.2300034,496.8599854,114.7399979,77.37000275,2.579999924,97.73000336,33701,9738,6.570000172,5197,617,167,66.41999817,99.95459747
2023,Q4,Fixed Broadband,Al Wakrah,176422,274.8599854,105.6900024,462.0899963,113.6100006,88.63999939,2.579999924,96.01999664,36021,12215,3.619999886,4124,462,285,85.30000305,99.96369934
2023,Q4,Fixed Broadband,Umm Salal,207186,309.5700073,113.3799973,545.960022,114.1800003,78.23000336,3.24000001,96.69000244,28434,12427,4.579999924,5225,697,211,60.47999954,100
2023,Q4,Fixed Broadband,Al Khor,213005,269.5299988,118.2799988,478.4500122,115.3000031,87.51000214,2,98.44999695,36227,8385,3.920000076,5368,664,252,48.11000061,99.98690033
2023,Q4,Managed Services,Doha,211356,317.8599854,110.9300003,514.7999878,111.0599976,86.01000214,2.400000095,98.80000305,28844,6630,4.989999771,5477,592,66,59.11000061,99.9822998
2023,Q4,Managed Services,Al Rayyan,191253,306.7399902,110.9100037,457.1199951,127.1299973,85.79000092,2.839999914,97.12000275,29174,7260,4.840000153,5729,549,148,47.93999863,99.96309662
2023,Q4,Managed Services,Al Wakrah,204084,296.0400085,118.9400024,500.1099854,117.3399963,75.48000336,1.539999962,99.97000122,28016,11442,5.010000229,1897,572,260,46.95000076,99.92189789
2023,Q4,Managed Services,Umm Salal,198992,313.0100098,110.4599991,520.8699951,114.1500015,78.34999847,2.74000001,96.45999908,38883,12305,3.279999971,5135,618,187,63.22000122,99.94270325
2023,Q4,Managed Services,Al Khor,203166,299.980011,112.5800018,486.0899963,97.84999847,83.83000183,1.879999995,94.62000275,29098,8577,4.659999847,5434,587,254,46.09999847,99.95600128
2023,Q4,IoT,Doha,200923,282.1700134,118.5,461.4100037,103.6399994,77.09999847,2.859999895,97.36000061,27541,12704,5.420000076,7235,317,300,66.76000214,99.95069885
2023,Q4,IoT,Al Rayyan,205015,283.9200134,109.9800034,523.9299927,124.2200012,85.54000092,3.25,99,35494,9861,5.559999943,4972,616,214,54.86000061,99.98259735
2023,Q4,IoT,Al Wakrah,216578,313.8999939,99.40000153,520.289978,127.0800018,81.66999817,2.700000048,99.55999756,25270,11455,4.639999866,4371,711,202,67.65000153,99.93640137
2023,Q4,IoT,Umm Salal,205097,317.5299988,110.4400024,501.8599854,113.75,84.02999878,1.830000043,96.40000153,24810,11651,7.289999962,5587,420,224,72.63999939,99.95269775
2023,Q4,IoT,Al Khor,207223,277.6700134,102.8799973,528.7800293,118.5800018,81.91999817,1.659999967,99.30000305,32887,10163,5.599999905,4023,669,290,66.33999634,99.94940186
2023,Q4,Devices,Doha,214609,295.3900146,107.8799973,483.7799988,126.1100006,75.86000061,1.929999948,97.51999664,20793,8186,6.190000057,5132,527,198,61.56000137,99.92849731
2023,Q4,Devices,Al Rayyan,216526,331.3299866,119.9000015,461.5400085,115.5800018,81.16000366,1.600000024,96.37000275,36695,6372,5.75,3661,619,271,65.87000275,99.95770264
2023,Q4,Devices,Al Wakrah,204703,313.7000122,110.0100021,490.8599854,119.8700027,72.40000153,1.789999962,95.29000092,25219,11587,4.880000114,3298,523,233,49.04999924,99.90139771
2023,Q4,Devices,Umm Salal,210894,308.6499939,110.4300003,444.9299927,94.06999969,77.44999695,2.470000029,98.55000305,30590,7796,3.180000067,3930,679,214,58.02000046,99.97899628
2023,Q4,Devices,Al Khor,181786,295.0700073,104.2799988,508.1700134,141.3500061,87.44999695,2.75,95.26999664,30928,11613,6.110000134,4708,489,159,55.36000061,99.94300079
2024,Q1,Mobile Prepaid,Doha,301697,432.0400085,110.6800003,767.4000244,177.2299957,77.26000214,2.160000086,100,27726,9254,4.840000153,5361,774,201,50.90999985,99.95999908
2024,Q1,Mobile Prepaid,Al Rayyan,311226,466.8699951,111.4700012,693.9899902,171.2200012,78.05999756,2.690000057,96.93000031,28159,11318,5.730000019,3110,517,81,65.19000244,99.91940308
2024,Q1,Mobile Prepaid,Al Wakrah,298714,459.7000122,111.9100037,715.3800049,186.6399994,85.84999847,2.440000057,97.40000153,31663,9465,6.21999979,5003,596,252,65.41999817,99.95069885
2024,Q1,Mobile Prepaid,Umm Salal,312644,433.5700073,116.0999985,732.5700073,179.7799988,83.41000366,2.769999981,97.68000031,32145,12408,4.420000076,4842,545,188,49.83000183,99.93840027
2024,Q1,Mobile Prepaid,Al Khor,285526,470.5499878,112.9899979,763,194.5700073,82.54000092,2.309999943,99.47000122,29131,8094,4.699999809,4872,690,228,63.50999832,99.95629883
2024,Q1,Mobile Postpaid,Doha,281481,452.8299866,113.7900009,718.210022,169.8099976,85.18000031,2.539999962,97.55000305,27353,9392,6.210000038,4607,684,285,56.31000137,99.95220184
2024,Q1,Mobile Postpaid,Al Rayyan,301094,449.1499939,112.9400024,720.9000244,180.8600006,68.62999725,2.940000057,93.95999908,22456,10243,4.360000134,4740,508,168,55.77999878,99.93779755
2024,Q1,Mobile Postpaid,Al Wakrah,299097,451.7600098,116.1699982,742.3200073,165.8800049,74.87000275,2.319999933,100,32796,12487,3.779999971,4929,749,197,53.36000061,99.96910095
2024,Q1,Mobile Postpaid,Umm Salal,291460,458.8099976,123.2600021,808.5599976,170.7200012,86.76999664,2.180000067,97.15000153,23179,9554,5.590000153,5292,468,162,49.27000046,99.95700073
2024,Q1,Mobile Postpaid,Al Khor,307608,493.5400085,109.6200027,768.3200073,173.5099945,80.83000183,2.50999999,96.80000305,23739,6651,4.059999943,2623,727,143,47.74000168,99.99099731
2024,Q1,Fixed Broadband,Doha,289938,446.5299988,113.1200027,749,199.25,83.31999969,2.099999905,98.26000214,27675,12315,5.28000021,4791,604,190,43.52999878,99.95240021
2024,Q1,Fixed Broadband,Al Rayyan,302941,487.3800049,119.6999969,766.9799805,179.8500061,79.16000366,2.809999943,98.80999756,33648,12738,4.739999771,4453,753,201,63.99000168,99.92479706
2024,Q1,Fixed Broadband,Al Wakrah,316756,435.0700073,120.7099991,713.0999756,186.7200012,67.91999817,2.349999905,96.59999847,27353,8246,6.480000019,4436,724,199,53.27999878,99.94629669
2024,Q1,Fixed Broadband,Umm Salal,302451,454.6300049,110.5199966,789.3699951,154.8300018,83.88999939,2.029999971,98.69000244,29166,8758,4.730000019,4313,599,209,46.38000107,99.93509674
2024,Q1,Fixed Broadband,Al Khor,307406,416.7099915,113.4499969,765.5,178.75,82.04000092,3.349999905,95.81999969,31660,10989,7.480000019,6019,676,238,59.50999832,99.96130371
2024,Q1,Managed Services,Doha,294191,467.1799927,122.0699997,814.4199829,181.7700043,71.06999969,2.920000076,97.41999817,33116,10972,5.900000095,4725,646,238,57.81999969,99.99140167
2024,Q1,Managed Services,Al Rayyan,299214,430.1499939,115.3499985,719.9299927,186.4700012,75.91000366,1.769999981,97.93000031,35515,9353,4.550000191,5766,514,160,55.77000046,99.92410278
2024,Q1,Managed Services,Al Wakrah,293534,429.9299927,117.8399963,735.0300293,183.2299957,78.33999634,2.130000114,95.30000305,21488,13081,4.610000134,3293,558,137,48.04999924,99.9552002
2024,Q1,Managed Services,Umm Salal,288396,473.480011,108.8600006,745.4299927,171.2599945,80.26000214,1.74000001,95.87000275,30082,7577,3.369999886,4767,617,258,70.36000061,99.93579865
2024,Q1,Managed Services,Al Khor,316680,442.9100037,113.4800034,812.1400146,177.6199951,74.38999939,1.730000019,96.77999878,27917,10096,4.300000191,5905,577,150,44.79999924,99.99140167
2024,Q1,IoT,Doha,294425,447.75,105.3600006,752.2800293,188.2299957,76.48999786,2.539999962,93.68000031,32403,8863,6.260000229,3196,449,253,77.63999939,99.9382019
2024,Q1,IoT,Al Rayyan,321440,427.5499878,117.4400024,722.0900269,167.1900024,79.75,3.809999943,97.41000366,36288,11496,5.050000191,4672,862,224,78.06999969,99.95860291
2024,Q1,IoT,Al Wakrah,296484,447.7200012,116.4800034,767.75,186.4400024,77.62999725,2.849999905,97.95999908,24102,11149,4.869999886,5615,507,156,70.40000153,99.95020294
2024,Q1,IoT,Umm Salal,294023,449.7399902,105.8899994,693.2600098,163.1799927,87.58999634,2.349999905,93.12000275,34236,9533,5.590000153,6402,626,192,51.22999954,99.97350311
2024,Q1,IoT,Al Khor,289357,450.230011,124.6200027,775,181.5,78.98999786,2.74000001,97.13999939,30418,8334,4.869999886,6020,599,259,54.59000015,99.97440338
2024,Q1,Devices,Doha,309325,399.2399902,116.4800034,742.8699951,161.7700043,79.18000031,3.230000019,100,32045,9860,5.480000019,5239,401,236,59.63999939,99.94950104
2024,Q1,Devices,Al Rayyan,296514,473.6499939,115.8700027,735.5,182.3200073,68.15000153,2.720000029,96.34999847,27014,10099,6.46999979,4599,650,166,48.38000107,99.95220184
2024,Q1,Devices,Al Wakrah,292420,440,116.9899979,768.0900269,192.3800049,80.33000183,1.769999981,95.98000336,31753,5561,4.039999962,4933,853,247,63.22000122,99.92870331
2024,Q1,Devices,Umm Salal,307662,468.6799927,115.5199966,755.9400024,178.0899963,82.58999634,2.789999962,97.91999817,29538,12498,5.360000134,4279,645,252,62.97999954,99.95140076
2024,Q1,Devices,Al Khor,288305,437.1700134,110,780.9799805,184.5599976,82.62999725,1.279999971,97.97000122,26695,11426,3.450000048,4065,753,138,76.52999878,99.93360138
2024,Q2,Mobile Prepaid,Doha,284713,445.0700073,121.9400024,708.2999878,166.7899933,81.19999695,1.899999976,95.75,26116,9294,4.610000134,5233,543,262,72.69999695,99.94339752
2024,Q2,Mobile Prepaid,Al Rayyan,302103,425.4500122,110.4000015,731.0200195,177.0299988,75.12000275,1.909999967,92.87999725,31184,12392,4.579999924,3766,638,232,36.36999893,99.96880341
2024,Q2,Mobile Prepaid,Al Wakrah,302390,433.2900085,123.6900024,756.4400024,188.1100006,78.27999878,2.450000048,94.68000031,12942,7948,4.050000191,5839,706,208,48.33000183,99.96350098
2024,Q2,Mobile Prepaid,Umm Salal,292174,470,112.6900024,762.2199707,184.0500031,82.65000153,2.460000038,99.37000275,30313,10768,6.860000134,5034,655,158,62.06999969,99.93969727
2024,Q2,Mobile Prepaid,Al Khor,289858,460.8999939,123.6800003,707.7399902,171.9600067,91.88999939,2.819999933,97.40000153,33916,11893,6.039999962,4906,546,205,77.23000336,99.95259857
2024,Q2,Mobile Postpaid,Doha,302975,476.6300049,116.6100006,759.7700195,186.0399933,80.83999634,2.119999886,99.69999695,36989,9936,6.170000076,5784,515,198,65.19999695,99.9509964
2024,Q2,Mobile Postpaid,Al Rayyan,282704,448.1000061,109.9700012,744.8400269,188.9199982,73.20999908,2.660000086,95.79000092,33858,12219,3.400000095,2860,574,253,56.84999847,99.95739746
2024,Q2,Mobile Postpaid,Al Wakrah,303118,476.4100037,113.1999969,736.960022,158.3800049,75.61000061,3,99.23999786,30754,7039,7.449999809,6017,754,179,44.06000137,99.96160126
2024,Q2,Mobile Postpaid,Umm Salal,306332,477.8099976,120.2399979,777.2999878,187.5800018,87.84999847,2.779999971,94.43000031,31367,11716,3.859999895,5928,632,210,62.68000031,99.91649628
2024,Q2,Mobile Postpaid,Al Khor,282865,424.8999939,115.9599991,744.7999878,199.0899963,86.65000153,2.329999924,98.52999878,31242,10292,6.170000076,5833,531,180,56.52999878,99.94450378
2024,Q2,Fixed Broadband,Doha,276573,462.1099854,114.4700012,740.9400024,182.9199982,85.37999725,2.849999905,96.94999695,27769,10897,3.970000029,7310,566,217,47.95999908,99.95619965
2024,Q2,Fixed Broadband,Al Rayyan,302502,430.3299866,112.2099991,725.7700195,188.1699982,84.05000305,2.049999952,97.77999878,24223,9009,6.650000095,5910,644,189,55.08000183,99.97270203
2024,Q2,Fixed Broadband,Al Wakrah,299858,452.0899963,116.9300003,724.039978,177.4700012,82.44999695,2.670000076,97.84999847,29277,7841,3.630000114,2135,615,156,53.04999924,99.93540192
2024,Q2,Fixed Broadband,Umm Salal,291309,457.3699951,113.2099991,746.039978,193.9900055,70.69000244,2.140000105,93.51000214,39779,10762,5.300000191,4542,609,168,54.20999908,99.97380066
2024,Q2,Fixed Broadband,Al Khor,283691,470.3699951,124.1200027,776.5300293,183.6199951,77.48000336,2.170000076,97.34999847,22204,10226,4.679999828,5473,599,218,71.33000183,99.98179626
2024,Q2,Managed Services,Doha,310321,448.0799866,124.4400024,702.0599976,183.3699951,78.59999847,2.99000001,95.69000244,28115,9365,4.929999828,4540,555,222,50.68999863,99.94920349
2024,Q2,Managed Services,Al Rayyan,299919,490.980011,116.7799988,766.8499756,199.1999969,89.83000183,2.970000029,96.09999847,25274,6660,4.269999981,3650,552,181,61.04999924,100
2024,Q2,Managed Services,Al Wakrah,308731,458.7000122,115.8300018,778.6699829,186.9799957,83.20999908,2.430000067,91.83000183,30170,12250,4.869999886,1965,567,166,55.91999817,99.94719696
2024,Q2,Managed Services,Umm Salal,298675,474.0100098,118.5999985,804.7399902,169.4799957,82.69000244,2.400000095,94.66999817,30379,10933,5.75,4184,750,248,72.66000366,99.91790009
2024,Q2,Managed Services,Al Khor,284535,422.1300049,109.7300034,735.7299805,180.1399994,75.37999725,3.660000086,98.41999817,25986,7506,4.190000057,5248,650,172,65.76999664,99.95449829
2024,Q2,IoT,Doha,283158,454.5100098,120.0299988,733.8400269,182.6799927,77.36000061,2.390000105,94.94999695,33877,10359,4.730000019,6566,414,180,59.18000031,99.93229675
2024,Q2,IoT,Al Rayyan,310466,470.25,112.4000015,728.4000244,170.6900024,85.05999756,1.919999957,96.98999786,31056,12810,5.320000172,6118,592,171,47.33000183,99.99610138
2024,Q2,IoT,Al Wakrah,300155,442.5799866,114.8099976,812.4899902,181.9299927,81.41999817,1.929999948,96.80999756,27431,10032,3.970000029,4126,717,219,56.47999954,99.95330048
2024,Q2,IoT,Umm Salal,312130,462.2799988,119.6699982,752.4500122,183.1600037,83.55999756,2.680000067,97.58000183,33402,8505,4.940000057,5463,512,184,48.25,99.95449829
2024,Q2,IoT,Al Khor,298456,469.0299988,111.4899979,725.1599731,185.2100067,82.48999786,1.370000005,96.55999756,21302,7348,5.510000229,3965,626,201,62.29999924,99.94999695
2024,Q2,Devices,Doha,318446,502.2799988,111.3300018,741.9899902,172.8800049,73.43000031,2.00999999,97.76000214,33079,12348,5.75,5388,710,255,63.59000015,99.99469757
2024,Q2,Devices,Al Rayyan,297375,421.9299927,121.3300018,801.7199707,190.8500061,85.44000244,2.25999999,96.48999786,29880,7894,5.119999886,5382,537,232,55.34000015,99.92250061
2024,Q2,Devices,Al Wakrah,321364,456.7600098,119.0699997,740.3099976,183.75,77.30000305,3.460000038,97.22000122,32914,12907,4.409999847,5882,447,191,64.5,99.95909882
2024,Q2,Devices,Umm Salal,295980,466.519989,117.0299988,721.6199951,184.9299927,79.30000305,1.850000024,95.51999664,26390,8089,5.309999943,4716,657,155,58.04999924,99.92479706
2024,Q2,Devices,Al Khor,295632,392.5700073,118.2200012,762.4899902,176.8399963,81.68000031,1.679999948,97.15000153,35217,10585,5.039999962,4036,351,140,45.84000015,99.92610168
2024,Q3,Mobile Prepaid,Doha,308965,474.3200073,112.0500031,691.9299927,196.1699982,81.76000214,2.019999981,97.38999939,35196,12230,4.659999847,5022,475,239,61.13999939,99.93319702
2024,Q3,Mobile Prepaid,Al Rayyan,306750,450.0700073,109.1200027,745.9400024,164.9900055,73.98000336,2.519999981,97.20999908,24146,12652,5.579999924,5142,478,144,48.58000183,99.92019653
2024,Q3,Mobile Prepaid,Al Wakrah,307573,444.9400024,114.9400024,766.25,179.3500061,83.52999878,2.220000029,97.18000031,27378,11833,4.619999886,5613,681,233,61.81999969,99.95680237
2024,Q3,Mobile Prepaid,Umm Salal,283287,486.2900085,103.2600021,757.5200195,162.9900055,78.06999969,1.200000048,99.37000275,38694,9289,4.860000134,5379,732,204,78.37000275,99.96880341
2024,Q3,Mobile Prepaid,Al Khor,310235,415.8800049,117.1900024,768.2199707,177.3500061,73.62999725,2.880000114,99.76000214,18028,9408,3.779999971,5538,609,161,55.52999878,99.95379639
2024,Q3,Mobile Postpaid,Doha,296281,422.6199951,119.7699966,734.4500122,179.0200043,78.62000275,3.019999981,99.97000122,24478,10891,4.920000076,4165,898,287,53.70999908,99.94940186
2024,Q3,Mobile Postpaid,Al Rayyan,310617,461.7799988,115.0999985,752.6199951,168.4400024,74.37000275,1.690000057,93.73000336,32380,8736,4.840000153,5875,555,236,64.91999817,99.92780304
2024,Q3,Mobile Postpaid,Al Wakrah,300513,465.5,118.5599976,815.039978,176.5099945,88.27999878,3.25,100,23883,10988,5.360000134,6197,505,214,65.15000153,99.97129822
2024,Q3,Mobile Postpaid,Umm Salal,317719,457.9500122,117.0999985,711.039978,174.5500031,80.48000336,2.289999962,95.58999634,29815,10566,6.139999866,4860,683,188,74.11000061,99.97090149
2024,Q3,Mobile Postpaid,Al Khor,273206,463.2600098,110.3600006,737.4400024,183.5899963,75.37000275,1.75999999,98.44999695,36526,10208,3.339999914,5305,437,174,78.86000061,99.94210052
2024,Q3,Fixed Broadband,Doha,308690,451.8500061,113.0299988,744.1199951,168.5899963,81.62000275,2.49000001,96.72000122,24847,8326,7.320000172,5558,545,199,69.12999725,99.95649719
2024,Q3,Fixed Broadband,Al Rayyan,305942,444.9700012,112.8799973,772.4099731,186.4400024,78.79000092,2.470000029,97.18000031,33936,11309,4.610000134,5162,740,227,75.30000305,99.95739746
2024,Q3,Fixed Broadband,Al Wakrah,303579,476.230011,113.0699997,758.210022,183.6600037,86.05999756,2.349999905,94.83000183,33734,12353,6.460000038,4309,358,135,64.06999969,99.95339966
2024,Q3,Fixed Broadband,Umm Salal,301302,486.8800049,125.6299973,730.6699829,175.1600037,78.43000031,2.74000001,94.20999908,28228,10224,3.359999895,4431,603,128,45.5,99.94979858
2024,Q3,Fixed Broadband,Al Khor,311912,462.480011,108.7099991,737.2800293,200.6900024,78.01999664,2.529999971,95.87000275,25657,9750,3.210000038,4757,644,189,45.40000153,99.94909668
2024,Q3,Managed Services,Doha,299417,465.6499939,120.8300018,731.9299927,176.8899994,81.41999817,2.25999999,95.73999786,30976,7134,6.900000095,5051,709,191,67.73999786,99.94529724
2024,Q3,Managed Services,Al Rayyan,288422,471.5299988,119.8499985,694.5700073,183.1199951,78.47000122,2.460000038,97.5,30832,7177,4.119999886,5658,579,248,61.70999908,99.92269897
2024,Q3,Managed Services,Al Wakrah,278571,439.6400146,114.5500031,780.4299927,179.0899963,86.05000305,2.109999895,98.62999725,31824,12872,4.769999981,4533,605,216,56.79999924,99.93740082
2024,Q3,Managed Services,Umm Salal,305642,453.8800049,109.8700027,713.6199951,188.6199951,78.37999725,2.049999952,93.16999817,30988,11114,7.260000229,5778,486,227,85.69000244,99.97059631
2024,Q3,Managed Services,Al Khor,315080,438.4599915,111.7099991,766.039978,174.6600037,82.58000183,1.889999986,99.70999908,35558,10182,4.329999924,6059,485,228,57.31999969,99.93090057
2024,Q3,IoT,Doha,301063,442.230011,114.9100037,769.5300293,193.4400024,76.63999939,2.230000019,97.05000305,30997,10338,3.299999952,3155,588,243,66.16999817,99.9897995
2024,Q3,IoT,Al Rayyan,294766,451.6499939,127.8499985,718.7800293,156.9199982,79.41000366,2.369999886,94.87999725,35544,9838,4.75,6105,805,166,53.45999908,99.95760345
2024,Q3,IoT,Al Wakrah,312320,443.9100037,109.3199997,786.4799805,190.2799988,71.33000183,2.900000095,95.62000275,24956,11177,6.079999924,4609,652,211,59.27000046,99.94239807
2024,Q3,IoT,Umm Salal,312040,429.7099915,118.9000015,661.9299927,162.6600037,68.66000366,2.390000105,98.43000031,30736,9182,5.429999828,5653,664,169,62.09999847,99.98829651
2024,Q3,IoT,Al Khor,292905,432.019989,115.8000031,723.2999878,187.6000061,77.47000122,2.799999952,97.40000153,28746,10479,4.690000057,4098,589,278,64.01000214,99.95400238
2024,Q3,Devices,Doha,292320,461.5299988,120.4199982,800.5499878,189.0099945,81.68000031,2.279999971,98.18000031,28387,5691,5.389999866,3825,771,274,63.91999817,99.96849823
2024,Q3,Devices,Al Rayyan,290816,450.0599976,111.1100006,787.6599731,174.1999969,76.88999939,2.660000086,97.22000122,31033,10689,5.53000021,6482,617,123,64.76999664,99.94300079
2024,Q3,Devices,Al Wakrah,291811,421.25,114.7699966,743.3099976,172.5800018,76.69000244,2.809999943,97.94999695,28528,12150,6.289999962,5127,510,171,56.02999878,99.95020294
2024,Q3,Devices,Umm Salal,306268,447.6600037,106.3499985,774.6599731,194.6999969,88.37999725,2.349999905,100,25750,9330,5.769999981,5208,740,202,62.09999847,99.94989777
2024,Q3,Devices,Al Khor,290502,452.25,114.8300018,741.9299927,184.2599945,72.79000092,3.170000076,97.23999786,26337,9891,5.860000134,4850,552,123,45.09000015,99.96990204
2024,Q4,Mobile Prepaid,Doha,299403,481.1499939,118.9300003,754.2399902,189.8800049,76.86000061,2.680000067,93.73999786,33394,6874,5.679999828,5697,693,252,64.66999817,99.9618988
2024,Q4,Mobile Prepaid,Al Rayyan,298040,441.8399963,115.6699982,724.6500244,191.6600037,81.80000305,2.299999952,98.01000214,30065,8318,5.409999847,4598,640,146,70.84999847,99.95040131
2024,Q4,Mobile Prepaid,Al Wakrah,314299,433.269989,118.0999985,724.0100098,178.7200012,74.38999939,2.440000057,95.56999969,29258,9333,3.869999886,3320,709,162,57.36999893,99.97370148
2024,Q4,Mobile Prepaid,Umm Salal,301303,442.6400146,114.1200027,737.2000122,153.1499939,76.86000061,2.549999952,94.87999725,29825,9480,4.25,4042,382,261,80.95999908,99.95140076
2024,Q4,Mobile Prepaid,Al Khor,301870,438.6799927,125.5199966,717.9799805,174.6699982,78.88999939,2.130000114,97.54000092,25830,13788,4.889999866,4483,756,199,60.18999863,99.95659637
2024,Q4,Mobile Postpaid,Doha,282113,465.5400085,120.75,747.7000122,177.3399963,70.22000122,2.670000076,97.44000244,36489,8863,6.449999809,5149,639,250,57.72000122,99.92299652
2024,Q4,Mobile Postpaid,Al Rayyan,294502,452.0100098,107.0500031,755.6500244,184,74.84999847,2.829999924,94.26999664,24753,11220,4.889999866,4562,666,184,62.68000031,99.96510315
2024,Q4,Mobile Postpaid,Al Wakrah,289636,443.6199951,117.0400009,747.0900269,179.9100037,75.84999847,2.200000048,96.38999939,33427,6823,4.800000191,5814,583,235,58.81000137,99.96279907
2024,Q4,Mobile Postpaid,Umm Salal,281942,448.4599915,120.2699966,803.5100098,178.5099945,75.76999664,2.75999999,100,32415,8950,3.400000095,6201,634,228,65.04000092,99.97969818
2024,Q4,Mobile Postpaid,Al Khor,309898,434.769989,116.7399979,730.6400146,187.1300049,79.45999908,2.24000001,98.05000305,32440,11985,5.440000057,3629,643,250,54.24000168,99.94360352
2024,Q4,Fixed Broadband,Doha,312813,427.0799866,106.4199982,766.7299805,174.2899933,85.34999847,2.119999886,93.54000092,24416,10662,4.710000038,4943,692,141,50.29999924,99.9417038
2024,Q4,Fixed Broadband,Al Rayyan,305529,467.9200134,113.4800034,707.7600098,182.4100037,73.66000366,1.830000043,95.61000061,31824,10936,5.199999809,5824,577,164,60.16999817,99.96340179
2024,Q4,Fixed Broadband,Al Wakrah,304466,459.5799866,111,762.0300293,159.0899963,71.40000153,3.390000105,97.05999756,26638,12266,4.789999962,5290,581,166,48,99.96869659
2024,Q4,Fixed Broadband,Umm Salal,322930,432.519989,126.6100006,774.9799805,193.6999969,78.08000183,2.789999962,96.40000153,31145,10692,6.050000191,6145,573,160,56.02999878,99.97840118
2024,Q4,Fixed Broadband,Al Khor,293600,491.3599854,111.2600021,760.7999878,184.3699951,71.94000244,2.559999943,94.77999878,30180,10869,5.110000134,6092,596,230,72.73000336,99.93250275
2024,Q4,Managed Services,Doha,313207,439.6400146,122.5,701.2299805,177.3800049,85.69999695,2.039999962,98.37999725,30510,11458,5.079999924,2906,549,194,50.31999969,99.94319916
2024,Q4,Managed Services,Al Rayyan,296612,394.3399963,117.6600037,765.0599976,170.3999939,82.91000366,2.559999943,100,37703,9033,4.869999886,6407,615,167,63.91999817,99.9509964
2024,Q4,Managed Services,Al Wakrah,317470,426.2900085,112.9800034,744.2800293,200.0599976,87.5,2.049999952,99.30999756,36143,6138,5.71999979,5211,670,241,70.27999878,99.92829895
2024,Q4,Managed Services,Umm Salal,297298,444.2600098,111.5400009,729.460022,165.0500031,83.05999756,2.700000048,97.55999756,33190,7347,4.099999905,5096,708,166,43.45000076,99.95970154
2024,Q4,Managed Services,Al Khor,303920,433.7099915,128.5800018,721.710022,190.2700043,74.44000244,2.920000076,94.75,31727,11981,3.539999962,6387,559,142,52.09000015,99.95670319
2024,Q4,IoT,Doha,293393,436.4599915,121.4599991,743.6799927,176.8399963,86.86000061,2.799999952,97.26000214,37330,11397,4.429999828,4599,529,175,54.61000061,99.9210968
2024,Q4,IoT,Al Rayyan,287465,430.7600098,123.5899963,754.7700195,194.1999969,83.94000244,3.25,96.26999664,33800,8010,4.880000114,4306,791,242,52.40999985,99.94380188
2024,Q4,IoT,Al Wakrah,298318,432.2799988,114.8700027,756.2999878,190.5,75.93000031,3.529999971,96.84999847,39029,10741,5.889999866,4755,658,172,73.75,99.96510315
2024,Q4,IoT,Umm Salal,294290,471.4400024,107.7699966,737.1900024,172.9400024,87.95999908,2.180000067,94.37999725,27004,5720,5.889999866,5119,433,144,58.09000015,99.95950317
2024,Q4,IoT,Al Khor,296090,440.3200073,117.4400024,744.5700073,178.4299927,76.11000061,1.919999957,99.41000366,34796,9549,5.139999866,2690,638,209,67.15000153,99.979599
2024,Q4,Devices,Doha,287445,449.6199951,114.3700027,726.1799927,173.4600067,78.06999969,2.480000019,97.05999756,29844,10730,3.49000001,5344,510,192,66.73000336,99.98560333
2024,Q4,Devices,Al Rayyan,293506,438.1799927,107.6500015,738.6300049,161.9799957,82.30999756,2.849999905,100,27332,11239,5.550000191,4829,649,209,62.65000153,99.96900177
2024,Q4,Devices,Al Wakrah,299809,427.7600098,115.5100021,743.5200195,196.2599945,82.44999695,2.359999895,95.51000214,29927,12215,5.28000021,5283,637,224,51.09999847,99.93740082
2024,Q4,Devices,Umm Salal,286566,461.3200073,114.6100006,764.6599731,174.3600006,85.08000183,2.769999981,98.13999939,45889,11456,4.960000038,3592,640,214,64.01000214,99.95970154
2024,Q4,Devices,Al Khor,297206,475.519989,115.6100006,734.7199707,194.1499939,82.58999634,3.519999981,98.94999695,25289,8111,4.630000114,5287,670,180,52.59000015,99.92230225
